EpisodeID,Result,Duration,AssistedHits,NonAssistedHits,AvgAccuracy,Score
1,PlayerGoal,1.864997,0,0,0,-9.324986
2,OpponentGoal,9.824986,7,0,0.6679342,947.6685
3,PlayerGoal,4.439995,2,0,0.9938166,57.18169
4,OpponentGoal,3.149994,1,0,0.5654399,1030.794
5,OpponentGoal,10.56499,7,0,0.4933768,926.5128
6,OpponentGoal,0.7900009,0,0,0,996.05
7,OpponentGoal,3.944992,1,0,0.795314,1049.806
8,OpponentGoal,7.044991,3,0,0.9232358,1027.099
9,PlayerGoal,3.989994,0,0,0,-19.94997
10,OpponentGoal,0.4399986,0,0,0,997.8
11,PlayerGoal,0.5400009,1,0,0.8013813,67.43813
12,OpponentGoal,2.349995,1,0,0.7315848,1051.408
13,PlayerGoal,9.979988,6,0,0.6331128,-46.58866
14,OpponentGoal,1.309998,0,0,0,993.45
15,PlayerGoal,0.7700005,0,0,0,-3.850002
16,OpponentGoal,9.034985,4,0,0.6347842,978.3035
17,PlayerGoal,4.099998,3,0,0.4842904,-2.070953
18,PlayerGoal,2.234993,2,0,0.3927971,8.104746
19,PlayerGoal,3.629997,0,0,0,-18.14999
20,OpponentGoal,1.884995,0,0,0,990.575
21,Quit,53.20715,0,0,0,-266.0357
